{"cameraMode":{"drawMode":0,"name":"Shaded","section":"Shading Mode"},"sceneLighting":true,"audioPlay":false,"sceneViewState":{"m_AlwaysRefresh":false,"showFog":true,"showSkybox":true,"showFlares":true,"showImageEffects":true,"showParticleSystems":true,"showVisualEffectGraphs":true,"m_FxEnabled":true},"in2DMode":false,"pivot":{"x":-0.40000009536743166,"y":7.649999618530273,"z":-25.62999725341797},"rotation":{"x":-0.004924555774778128,"y":-0.7400115728378296,"z":0.0040589566342532639,"w":-0.6730359196662903},"size":3.6326613426208498,"orthographic":true}