{"cameraMode":{"drawMode":0,"name":"Shaded","section":"Shading Mode"},"sceneLighting":true,"audioPlay":false,"sceneViewState":{"m_AlwaysRefresh":false,"showFog":true,"showSkybox":true,"showFlares":true,"showImageEffects":true,"showParticleSystems":true,"showVisualEffectGraphs":true,"m_FxEnabled":true},"in2DMode":false,"pivot":{"x":-0.46129465103149416,"y":7.858664035797119,"z":-25.528932571411134},"rotation":{"x":-0.0017769334372133017,"y":-0.7588629126548767,"z":0.00086634122999385,"w":-0.6516390442848206},"size":28.26268768310547,"orthographic":true}