{"cameraMode":{"drawMode":0,"name":"Shaded","section":"Shading Mode"},"sceneLighting":true,"audioPlay":false,"sceneViewState":{"m_AlwaysRefresh":false,"showFog":true,"showSkybox":true,"showFlares":true,"showImageEffects":true,"showParticleSystems":true,"showVisualEffectGraphs":true,"m_FxEnabled":true},"in2DMode":false,"pivot":{"x":-0.40000009536743166,"y":7.649999618530273,"z":-25.62999725341797},"rotation":{"x":-0.0867338553071022,"y":-0.11665353924036026,"z":0.009340154007077217,"w":-0.9896547794342041},"size":3.6326613426208498,"orthographic":true}