{"cameraMode":{"drawMode":0,"name":"Shaded","section":"Shading Mode"},"sceneLighting":true,"audioPlay":false,"sceneViewState":{"m_AlwaysRefresh":false,"showFog":true,"showSkybox":true,"showFlares":true,"showImageEffects":true,"showParticleSystems":true,"showVisualEffectGraphs":true,"m_FxEnabled":true},"in2DMode":false,"pivot":{"x":878.2369995117188,"y":473.0768127441406,"z":115.403564453125},"rotation":{"x":0.052427589893341067,"y":-0.04282524064183235,"z":0.0022588905412703754,"w":0.9977218508720398},"size":663.2359008789063,"orthographic":false}