{"cameraMode":{"drawMode":0,"name":"Shaded","section":"Shading Mode"},"sceneLighting":false,"audioPlay":false,"sceneViewState":{"m_AlwaysRefresh":false,"showFog":true,"showSkybox":false,"showFlares":true,"showImageEffects":true,"showParticleSystems":true,"showVisualEffectGraphs":true,"m_FxEnabled":true},"in2DMode":false,"pivot":{"x":0.0016138553619384766,"y":-1.3246806859970093,"z":-0.13294100761413575},"rotation":{"x":0.04659875109791756,"y":-0.954545259475708,"z":0.20475634932518006,"w":0.21300067007541657},"size":3.8471784591674806,"orthographic":false}