{"cameraMode":{"drawMode":0,"name":"Shaded","section":"Shading Mode"},"sceneLighting":false,"audioPlay":false,"sceneViewState":{"m_AlwaysRefresh":false,"showFog":true,"showSkybox":false,"showFlares":true,"showImageEffects":true,"showParticleSystems":true,"showVisualEffectGraphs":true,"m_FxEnabled":true},"in2DMode":false,"pivot":{"x":0.06267139315605164,"y":0.2393394112586975,"z":0.11960399895906449},"rotation":{"x":-0.20080076158046723,"y":0.5290707349777222,"z":-0.13047251105308534,"w":-0.8141142129898071},"size":0.30206799507141116,"orthographic":false}